<?xml version="1.0" encoding="ISO-8859-1"?>
<CUSTOMER
xmlns:xsi="http://www.w3.org/2001/XMLSchema-instance"
xsi:noNamespaceSchemaLocation="2.2_1.4.xsd">

<data>
        <CUSTOMERID>101</CUSTOMERID>
        <CUSTOMERNAME>ROBERT</CUSTOMERNAME>
        <PHONENO>9087654321</PHONENO>
        <EMAILID>robertd@gmail.com</EMAILID>
        <CITY>Mumbai</CITY>
    </data>

    <data>
        <CUSTOMERID>102</CUSTOMERID>
        <CUSTOMERNAME>Saket Sharma</CUSTOMERNAME>
        <PHONENO>9908765434</PHONENO>
        <EMAILID>saketsharma@rediff.com</EMAILID>
        <CITY>Mumbai</CITY>
    </data>

    <data>
        <CUSTOMERID>103</CUSTOMERID>
        <CUSTOMERNAME>Raksha</CUSTOMERNAME>
        <PHONENO>7890654321</PHONENO>
        <EMAILID>raksha@gmail.com</EMAILID>
        <CITY>Mumbai</CITY>
    </data>

    <data>
        <CUSTOMERID>104</CUSTOMERID>
        <CUSTOMERNAME>Adarsh</CUSTOMERNAME>
        <PHONENO>8899765432</PHONENO>
        <EMAILID>adarshs@gmail.com</EMAILID>
        <CITY>Mumbai</CITY>
    </data>

    <data>
        <CUSTOMERID>105</CUSTOMERID>
        <CUSTOMERNAME>Kavya</CUSTOMERNAME>
        <PHONENO>9807654321</PHONENO>
        <EMAILID>kavya@rediff.com</EMAILID>
        <CITY>Mumbai</CITY>
    </data>

</CUSTOMER>